id,scientific_name,common_name,taxonomic_group,family,genus,conservation_status,iucn_taxon_id,is_invasive,is_indicator_species,description,image_url
1,Panthera tigris tigris,Bengal Tiger,Mammalia,Felidae,Panthera,EN,15955,False,True,Apex predator and umbrella indicator for intact Asian forest ecosystems.,https://images.unsplash.com/photo-1561731216-c3a4d99437d5?auto=format&fit=crop&w=800&q=80
2,Elephas maximus,Asian Elephant,Mammalia,Elephantidae,Elephas,EN,7140,False,True,Mega-herbivore engineer sustaining forest corridors and seed dispersal.,https://images.unsplash.com/photo-1557050543-4d5f4e07ef46?auto=format&fit=crop&w=800&q=80
3,Rhinoceros unicornis,Greater One-Horned Rhinoceros,Mammalia,Rhinocerotidae,Rhinoceros,VU,19496,False,True,Alluvial grassland specialist and grazing architect.,https://images.unsplash.com/photo-1574870115563-ced4f2766023?auto=format&fit=crop&w=800&q=80
4,Panthera pardus,Leopard,Mammalia,Felidae,Panthera,VU,15954,False,False,Adaptable felid predator inhabiting dense canopy and rocky hills.,https://images.unsplash.com/photo-1456926631375-92c8ce872def?auto=format&fit=crop&w=800&q=80
5,Platanista gangetica,Ganges River Dolphin,Mammalia,Platanistidae,Platanista,EN,41758,False,True,Freshwater bio-indicator sensitive to aquatic noise and siltation.,https://images.unsplash.com/photo-1570481662006-a3a1374699e8?auto=format&fit=crop&w=800&q=80
6,Ailurus fulgens,Red Panda,Mammalia,Ailuridae,Ailurus,EN,714,False,True,Specialized subalpine bamboo forest dweller.,https://images.unsplash.com/photo-1544717305-2782549b5136?auto=format&fit=crop&w=800&q=80
7,Neofelis nebulosa,Clouded Leopard,Mammalia,Felidae,Neofelis,VU,14519,False,True,Arboreal rainforest predator of primary evergreen forests.,https://images.unsplash.com/photo-1579783900882-c0d3dad7b119?auto=format&fit=crop&w=800&q=80
8,Cuon alpinus,Dhole / Asiatic Wild Dog,Mammalia,Canidae,Cuon,EN,5929,False,True,Social pack hunter vulnerable to habitat fragmentation and prey loss.,https://images.unsplash.com/photo-1535268647677-300dbf3d78d1?auto=format&fit=crop&w=800&q=80
9,Hoolock hoolock,Western Hoolock Gibbon,Mammalia,Hylobatidae,Hoolock,EN,39876,False,True,Only ape species of South Asia; strictly canopy frugivore.,https://images.unsplash.com/photo-1540573133985-87b6da6d54a9?auto=format&fit=crop&w=800&q=80
10,Melursus ursinus,Sloth Bear,Mammalia,Ursidae,Melursus,VU,13143,False,False,Myrmecophagous forest bear dependent on termite mounds and fruiting trees.,https://images.unsplash.com/photo-1530595467537-0b5996c41f2d?auto=format&fit=crop&w=800&q=80
11,Manis crassicaudata,Indian Pangolin,Mammalia,Manidae,Manis,EN,12761,False,True,Heavily trafficked nocturnal burrower maintaining soil aeration.,https://images.unsplash.com/photo-1567653418876-5bb0e566e1c2?auto=format&fit=crop&w=800&q=80
12,Loris tardigradus,Slender Loris,Mammalia,Lorisidae,Loris,EN,12375,False,True,Nocturnal insectivorous primate of tropical rainforests.,https://images.unsplash.com/photo-1579380656108-62d02c89f55e?auto=format&fit=crop&w=800&q=80
13,Trachypithecus geei,Golden Langur,Mammalia,Cercopithecidae,Trachypithecus,EN,22129,False,True,Restricted-range primate of riparian evergreen river islands.,https://images.unsplash.com/photo-1501706362039-c06b2d715385?auto=format&fit=crop&w=800&q=80
14,Bubalus arnee,Wild Water Buffalo,Mammalia,Bovidae,Bubalus,EN,3129,False,True,Riparian floodplain ungulate requiring deep marshes.,https://images.unsplash.com/photo-1544979590-37e9b47eb705?auto=format&fit=crop&w=800&q=80
15,Moschus chrysogaster,Alpine Musk Deer,Mammalia,Moschidae,Moschus,EN,13897,False,True,High-altitude montane specialist targeted for musk pods.,https://images.unsplash.com/photo-1484406566174-9da000fda645?auto=format&fit=crop&w=800&q=80
16,Lutra lutra,Eurasian Otter,Mammalia,Mustelidae,Lutra,NT,12419,False,True,Riparian river health indicator requiring clear flowing streams.,https://images.unsplash.com/photo-1618281377501-8b066927d6d5?auto=format&fit=crop&w=800&q=80
17,Prionailurus viverrinus,Fishing Cat,Mammalia,Felidae,Prionailurus,VU,18150,False,True,Wetland-dependent felid vulnerable to coastal marsh drainage.,https://images.unsplash.com/photo-1514888286974-6c03e2ca1dba?auto=format&fit=crop&w=800&q=80
18,Axis axis,Chital / Spotted Deer,Mammalia,Cervidae,Axis,LC,41783,False,False,Abundant primary forest prey base for apex predators.,https://images.unsplash.com/photo-1508873696983-2df5293cb395?auto=format&fit=crop&w=800&q=80
19,Sus scrofa,Wild Boar,Mammalia,Suidae,Sus,LC,41775,False,False,Generalist rooting omnivore shaping forest floor soil mechanics.,https://images.unsplash.com/photo-1589656966895-2f33e7653819?auto=format&fit=crop&w=800&q=80
20,Macaca radiata,Bonnet Macaque,Mammalia,Cercopithecidae,Macaca,LC,12558,False,False,Widespread troop monkey in peninsular forests.,https://images.unsplash.com/photo-1570288685280-780268473c2f?auto=format&fit=crop&w=800&q=80
21,Buceros bicornis,Great Hornbill,Aves,Bucerotidae,Buceros,VU,22682453,False,True,Large canopy seed disperser requiring mature cavity nest trees.,https://images.unsplash.com/photo-1549608276-5786777e6587?auto=format&fit=crop&w=800&q=80
22,Gyps bengalensis,White-Rumped Vulture,Aves,Accipitridae,Gyps,CR,22695194,False,True,Critically depleted obligate scavenger preventing carcass disease vectors.,https://images.unsplash.com/photo-1555169062-013468b47731?auto=format&fit=crop&w=800&q=80
23,Ardea insignis,White-Bellied Heron,Aves,Ardeidae,Ardea,CR,22697089,False,True,Extremely rare undisturbed subtropical riverine heron.,https://images.unsplash.com/photo-1520808663317-647b476a81b9?auto=format&fit=crop&w=800&q=80
24,Strix aluco,Tawny Owl,Aves,Strigidae,Strix,LC,22689176,False,True,Nocturnal woodland raptor used in passive acoustic monitoring.,https://images.unsplash.com/photo-1579783902614-a3fb3927b675?auto=format&fit=crop&w=800&q=80
25,Pavo cristatus,Indian Peafowl,Aves,Phasianidae,Pavo,LC,22679435,False,False,Prominent ground forager of open deciduous forest edges.,https://images.unsplash.com/photo-1536514498073-50e69d39c6cf?auto=format&fit=crop&w=800&q=80
26,Sarcogyps calvus,Red-Headed Vulture,Aves,Accipitridae,Sarcogyps,CR,22695254,False,True,Scavenger vulnerable to veterinary NSAID contamination.,https://images.unsplash.com/photo-1612024782955-49fae79e42bb?auto=format&fit=crop&w=800&q=80
27,Alcedo atthis,Common Kingfisher,Aves,Alcedinidae,Alcedo,LC,22683027,False,True,"Indicator of clear, unpolluted freshwater streams and small fish stocks.",https://images.unsplash.com/photo-1518992028580-6d97bdca06c3?auto=format&fit=crop&w=800&q=80
28,Pitta brachyura,Indian Pitta,Aves,Pittidae,Pitta,LC,22698681,False,True,Ground-foraging migratory passerine in dense undergrowth.,https://images.unsplash.com/photo-1552728089-57bdde30beb3?auto=format&fit=crop&w=800&q=80
29,Bubo bubo,Eurasian Eagle-Owl,Aves,Strigidae,Bubo,LC,22689050,False,True,Apex avian predator of cliff gorges and deep forests.,https://images.unsplash.com/photo-1516934024742-b461fba47600?auto=format&fit=crop&w=800&q=80
30,Haliaeetus leucogaster,White-Bellied Sea-Eagle,Aves,Accipitridae,Haliaeetus,LC,22695135,False,True,Coastal and mangrove raptor hunting fish and sea snakes.,https://images.unsplash.com/photo-1611689342806-0863700ce1e4?auto=format&fit=crop&w=800&q=80
31,Ciconia boyciana,Oriental Stork,Aves,Ciconiidae,Ciconia,EN,22697695,False,True,Wetland-dependent wading bird threatened by drainage and pesticide buildup.,https://images.unsplash.com/photo-1582234372722-50d7ccc30ebd?auto=format&fit=crop&w=800&q=80
32,Eudynamys scolopaceus,Asian Koel,Aves,Cuculidae,Eudynamys,LC,22684043,False,False,Vocal brood parasite widespread in subtropical canopy.,https://images.unsplash.com/photo-1549608276-5786777e6587?auto=format&fit=crop&w=800&q=80
33,Corvus splendens,House Crow,Aves,Corvidae,Corvus,LC,22705938,False,False,Urban-fringe generalist scavenger.,https://images.unsplash.com/photo-1522926193341-e9faf685c4e1?auto=format&fit=crop&w=800&q=80
34,Eurystomus orientalis,Dollarbird,Aves,Coraciidae,Eurystomus,LC,22682910,False,True,Aerial insectivore nesting in high hollow dead wood.,https://images.unsplash.com/photo-1591154669695-5f2a8d20c089?auto=format&fit=crop&w=800&q=80
35,Psittacula krameri,Rose-Ringed Parakeet,Aves,Psittaculidae,Psittacula,LC,22685441,False,False,Common canopy frugivore forming large roosts.,https://images.unsplash.com/photo-1544947950-fa07a98d237f?auto=format&fit=crop&w=800&q=80
36,Crocodylus porosus,Saltwater Crocodile,Reptilia,Crocodylidae,Crocodylus,LC,5668,False,False,Largest extant reptile controlling estuarine trophic chains.,https://images.unsplash.com/photo-1527525443983-6e60c75fff46?auto=format&fit=crop&w=800&q=80
37,Gavialis gangeticus,Gharial,Reptilia,Gavialidae,Gavialis,CR,8966,False,True,Specialized fish-eating crocodilian requiring deep sandbar river pools.,https://images.unsplash.com/photo-1548767797-d8c844163c4c?auto=format&fit=crop&w=800&q=80
38,Ophiophagus hannah,King Cobra,Reptilia,Elapidae,Ophiophagus,VU,14958,False,True,World's longest venomous snake preying exclusively on other serpents.,https://images.unsplash.com/photo-1531386151447-fd76ad50012f?auto=format&fit=crop&w=800&q=80
39,Varanus salvator,Water Monitor,Reptilia,Varanidae,Varanus,LC,17821,False,False,Semi-aquatic scavenger and predator in mangrove estuaries.,https://images.unsplash.com/photo-1563281577-a7be47e20db9?auto=format&fit=crop&w=800&q=80
40,Python bivittatus,Burmese Python,Reptilia,Pythonidae,Python,VU,193451,False,False,Large constrictor regulating small mammal populations.,https://images.unsplash.com/photo-1568605117036-5fe5e7bab0b7?auto=format&fit=crop&w=800&q=80
41,Nasikabatrachus sahyadrensis,Purple Frog,Amphibia,Nasikabatrachidae,Nasikabatrachus,EN,58479,False,True,Living fossil subterranean frog emerging only during monsoon.,https://images.unsplash.com/photo-1579380656108-328e1a387cb0?auto=format&fit=crop&w=800&q=80
42,Rhacophorus malabaricus,Malabar Gliding Frog,Amphibia,Rhacophoridae,Rhacophorus,LC,58993,False,True,Tree frog using expanded toe webbing for canopy gliding.,https://images.unsplash.com/photo-1508817628294-5a453fa0b8fb?auto=format&fit=crop&w=800&q=80
43,Duttaphrynus melanostictus,Asian Common Toad,Amphibia,Bufonidae,Duttaphrynus,LC,54707,False,False,Resilient nocturnal terrestrial amphibian.,https://images.unsplash.com/photo-1549480017-d76466a4b7e8?auto=format&fit=crop&w=800&q=80
44,Indirana beddomii,Beddome's Leaping Frog,Amphibia,Ranixalidae,Indirana,LC,58309,False,True,Endemic forest floor frog inhabiting moist leaf litter.,https://images.unsplash.com/photo-1496070242169-b672c576566b?auto=format&fit=crop&w=800&q=80
45,Naja naja,Spectacled Cobra,Reptilia,Elapidae,Naja,LC,62238,False,False,Medically significant elapid snake in agricultural-forest mosaics.,https://images.unsplash.com/photo-1516026672322-bc52d61a55d5?auto=format&fit=crop&w=800&q=80
46,Bungarus caeruleus,Common Krait,Reptilia,Elapidae,Bungarus,LC,172703,False,False,Nocturnal venomous snake feeding on rodents and other reptiles.,https://images.unsplash.com/photo-1531386151447-fd76ad50012f?auto=format&fit=crop&w=800&q=80
47,Melanochelys trijuga,Indian Black Turtle,Reptilia,Geoemydidae,Melanochelys,NT,13039,False,False,Freshwater marsh and pond scavenger.,https://images.unsplash.com/photo-1437622368342-7a3d73a34c8f?auto=format&fit=crop&w=800&q=80
48,Tor putitora,Golden Mahseer,Actinopterygii,Cyprinidae,Tor,EN,1263198,False,True,"Flagship sportfish indicating cold, pristine Himalayan torrent rivers.",https://images.unsplash.com/photo-1524704654690-b56c05c78a00?auto=format&fit=crop&w=800&q=80
49,Channa marulius,Great Snakehead,Actinopterygii,Channidae,Channa,LC,166545,False,False,Apex wetland predatory fish adapted to low-oxygen waters.,https://images.unsplash.com/photo-1544551763-46a013bb70d5?auto=format&fit=crop&w=800&q=80
50,Tenualosa ilisha,Hilsa Shad,Actinopterygii,Clupeidae,Tenualosa,LC,166442,False,True,Anadromous fish migrating upstream through estuarine channels to spawn.,https://images.unsplash.com/photo-1535591273668-578e31182c4f?auto=format&fit=crop&w=800&q=80
51,Wallago attu,Helicopter Catfish,Actinopterygii,Siluridae,Wallago,VU,166523,False,True,Large predatory catfish vulnerable to overfishing and dams.,https://images.unsplash.com/photo-1522069169874-c58ec4b76be5?auto=format&fit=crop&w=800&q=80
52,Horabagrus brachysoma,Sun Catfish,Actinopterygii,Horabagridae,Horabagrus,VU,172312,False,True,Western Ghats endemic river catfish sensitive to sand mining.,https://images.unsplash.com/photo-1520302630591-fd1c66edc19d?auto=format&fit=crop&w=800&q=80
53,Dawkinsia denisonii,Denison Barb / Miss Kerala,Actinopterygii,Cyprinidae,Dawkinsia,EN,169629,False,True,High-value endemic ornamental fish found only in fast streams.,https://images.unsplash.com/photo-1516683037151-9a17603a8dc7?auto=format&fit=crop&w=800&q=80
54,Oreochromis niloticus,Nile Tilapia,Actinopterygii,Cichlidae,Oreochromis,LC,NA,True,False,Invasive cichlid outcompeting indigenous freshwater fish species.,https://images.unsplash.com/photo-1534043464124-3be32fe000c9?auto=format&fit=crop&w=800&q=80
55,Hypophthalmichthys nobilis,Bighead Carp,Actinopterygii,Cyprinidae,Hypophthalmichthys,LC,NA,True,False,Invasive filter feeder altering lake and wetland plankton dynamics.,https://images.unsplash.com/photo-1510414842594-a61c69b5ae57?auto=format&fit=crop&w=800&q=80
56,Lantana camara,Lantana Weed,Plantae,Verbenaceae,Lantana,LC,NA,True,False,Highly aggressive invasive shrub smothering native understory.,https://images.unsplash.com/photo-1596724806675-eb6a7c36a4dc?auto=format&fit=crop&w=800&q=80
57,Eichhornia crassipes,Water Hyacinth,Plantae,Pontederiaceae,Eichhornia,LC,NA,True,False,Invasive floating aquatic weed causing eutrophication and oxygen crashes.,https://images.unsplash.com/photo-1509198397868-475647b2a1e5?auto=format&fit=crop&w=800&q=80
58,Avicennia marina,Grey Mangrove,Plantae,Acanthaceae,Avicennia,LC,178828,False,True,Pioneer mangrove species stabilizing intertidal mudflats.,https://images.unsplash.com/photo-1518509562904-e7ef99cdcc86?auto=format&fit=crop&w=800&q=80
59,Rhizophora mangle,Red Mangrove,Plantae,Rhizophoraceae,Rhizophora,LC,178850,False,True,Key stilt-rooted mangrove protecting coastlines from cyclone storm surges.,https://images.unsplash.com/photo-1507525428034-b723cf961d3e?auto=format&fit=crop&w=800&q=80
60,Ficus benghalensis,Banyan Tree,Plantae,Moraceae,Ficus,LC,NA,False,True,Keystone strangler fig providing year-round fruit for canopy frugivores.,https://images.unsplash.com/photo-1448375240586-882707db888b?auto=format&fit=crop&w=800&q=80
61,Prosopis juliflora,Mesquite Shrub,Plantae,Fabaceae,Prosopis,LC,NA,True,False,Invasive thorny tree depleting groundwater tables in arid and riparian zones.,https://images.unsplash.com/photo-1513836279014-a89f7a76ae86?auto=format&fit=crop&w=800&q=80
62,Troides minos,Southern Birdwing,Insecta,Papilionidae,Troides,LC,12489,False,True,India's second largest butterfly; indicator of undisturbed rainforest canopy.,https://images.unsplash.com/photo-1551893478-d726eaf0442c?auto=format&fit=crop&w=800&q=80
63,Apis dorsata,Giant Honeybee,Insecta,Apidae,Apis,LC,NA,False,True,Primary wild forest pollinator sustaining canopy tree reproduction.,https://images.unsplash.com/photo-1587049352846-4a222e784d38?auto=format&fit=crop&w=800&q=80
64,Atta cephalotes,Leafcutter Ant,Insecta,Formicidae,Atta,LC,NA,False,False,Dominant forest floor biomass turnover agent.,https://images.unsplash.com/photo-1533038590840-1cde6e668a91?auto=format&fit=crop&w=800&q=80
65,Anopheles stephensi,Malaria Vector Mosquito,Insecta,Culicidae,Anopheles,LC,NA,False,False,Urban and forest-edge dipteran vector monitored for zoonotic risks.,https://images.unsplash.com/photo-1563245372-f21724e3856d?auto=format&fit=crop&w=800&q=80
